<?xml version="1.0" encoding="utf-8"?>

<ModMetaData>
	<name>Better Records Tab</name>
	<author>Odie</author>
	<targetVersion>1.0.2059</targetVersion>
	<description>
Applies color to the list of records on the Records tab:

- Green text = selected colonist has the max in this record
- Yellow text = selected colonist does not have the max in this record
- White text = no colonist has achieved this record yet

This helps quickly see what your colonist is best at compared to the others
	</description>
</ModMetaData>